{
  "epochs_requested": 35,
  "best_epoch": 17,
  "threshold": 0.95,
  "train": {
    "loss": 0.000526810469336226,
    "accuracy": 1.0,
    "precision": 1.0,
    "recall": 1.0,
    "f1": 1.0
  },
  "validation": {
    "loss": 0.007824972054130928,
    "accuracy": 1.0,
    "precision": 1.0,
    "recall": 1.0,
    "f1": 1.0
  },
  "test": {
    "loss": 0.0032548316907250593,
    "accuracy": 1.0,
    "precision": 1.0,
    "recall": 1.0,
    "f1": 1.0
  }
}