{
  "device": "mps",
  "best_epoch": 7,
  "threshold": 0.51,
  "selection_score": 0.7222827754069712,
  "moduli": [
    2,
    3,
    5,
    7,
    11,
    13,
    17,
    19,
    23,
    29,
    31,
    37,
    41,
    43,
    47,
    53,
    59,
    61,
    67,
    71,
    73,
    79,
    83,
    89,
    97,
    101,
    103,
    107,
    109,
    113,
    127
  ],
  "embedding_dim": 48,
  "hidden_size": 256,
  "num_layers": 3,
  "dropout": 0.15,
  "projection_sizes": [
    384,
    192
  ],
  "aux_weight": 0.25,
  "train_size": 4000,
  "val_size": 1000,
  "test_size": 1000,
  "train": {
    "loss": 0.6258664727210999,
    "accuracy": 0.608,
    "precision": 0.5649428743235118,
    "recall": 0.9395,
    "f1": 0.7055951933909125
  },
  "validation": {
    "loss": 0.62165367603302,
    "accuracy": 0.636,
    "precision": 0.5843672456575683,
    "recall": 0.942,
    "f1": 0.7212863705972435
  },
  "test": {
    "loss": 0.6291337609291077,
    "accuracy": 0.604,
    "precision": 0.5626506024096386,
    "recall": 0.934,
    "f1": 0.7022556390977444
  },
  "test_odd_only": {
    "loss": 0.668418824672699,
    "accuracy": 0.5648769574944071,
    "precision": 0.5626506024096386,
    "recall": 0.947261663286004,
    "f1": 0.7059712773998488
  },
  "test_no_small_factor": {
    "loss": 0.5181346535682678,
    "accuracy": 0.8264604810996563,
    "precision": 0.8728971962616823,
    "recall": 0.934,
    "f1": 0.9024154589371981
  },
  "test_no_small_factor_count": 582,
  "validation_hybrid": {
    "loss": 0.0,
    "accuracy": 0.897,
    "precision": 0.8602540834845736,
    "recall": 0.948,
    "f1": 0.9019980970504282
  },
  "test_hybrid": {
    "loss": 0.0,
    "accuracy": 0.906,
    "precision": 0.8745387453874539,
    "recall": 0.948,
    "f1": 0.9097888675623801
  },
  "test_hybrid_odd_only": {
    "loss": 0.0,
    "accuracy": 0.8948545861297539,
    "precision": 0.8728971962616823,
    "recall": 0.947261663286004,
    "f1": 0.9085603112840467
  }
}